token,label,_id,sentence
Nasr,ENTITY,Q560307_135,0
Hamid,ENTITY,Q560307_136,0
Abu,ENTITY,Q560307_137,0
Zayd,ENTITY,Q560307_163,0
(,-,-,0
Arabic,-,-,0
:,-,-,0
نصر,-,-,0
حامد,-,-,0
أبو,-,-,0
زيد‎,-,-,0
",",-,-,0
IPA,-,-,0
:,-,-,0
 ,-,-,0
;,-,-,0
also,-,-,0
Abu,ENTITY,Q560307_165,0
Zaid,-,-,0
or,-,-,0
Abu,ENTITY,Q560307_210,0
Zeid,-,-,0
;,-,-,0
July,-,-,0
10,-,-,0
",",-,-,0
1943,-,-,0
–,-,-,0
July,-,-,0
5,-,-,0
",",-,-,0
2010,-,-,0
),-,-,0
was,REL,Q560307_155,0
an,-,-,0
Egyptian,-,-,0
Quranic,-,-,0
thinker,EVENT,Q560307_151,0
",",-,-,0
author,EVENT,Q560307_152,0
",",-,-,0
academic,EVENT,Q560307_153,0
and,-,-,0
one,-,-,0
of,-,-,0
the,ENTITY,Q560307_333,0
leading,-,-,0
liberal,-,-,0
theologians,EVENT,Q560307_154,0
in,-,-,0
Islam,-,-,0
.,-,-,0
He,ENTITY,Q560307_209,1
is,REL,Q560307_376,1
famous,EVENT,Q560307_375,1
for,-,-,1
his,ENTITY,Q560307_156,1
project,EVENT,Q560307_378,1
of,-,-,1
a,-,-,1
humanistic,-,-,1
Quranic,-,-,1
hermeneutics,-,-,1
",",-,-,1
which,-,-,1
"""",-,-,1
challenged,EVENT,Q560307_157,1
mainstream,-,-,1
views,-,-,1
"""",-,-,1
on,-,-,1
the,ENTITY,Q560307_335,1
Quran,-,-,1
",",-,-,1
sparking,-,-,1
"""",-,-,1
controversy,-,-,1
and,-,-,1
debate,-,-,1
.,-,-,1
"""",-,-,1
While,-,-,2
not,EVENT-MOD,Q560307_2,2
denying,EVENT,Q560307_1,2
that,-,-,2
the,-,-,2
Quran,-,-,2
was,-,-,2
of,-,-,2
divine,-,-,2
origin,-,-,2
",",-,-,2
Zayd,ENTITY,Q560307_158,2
argued,EVENT,Q560307_3,2
that,-,-,2
it,-,-,2
was,-,-,2
a,-,-,2
"""",-,-,2
cultural,-,-,2
product,EVENT,Q560307_4,2
"""",-,-,2
that,-,-,2
had,-,-,2
to,-,-,2
be,-,-,2
read,-,-,2
in,-,-,2
the,-,-,2
context,-,-,2
of,-,-,2
the,-,-,2
language,-,-,2
and,-,-,2
culture,-,-,2
of,-,-,2
seventh,-,-,2
century,-,-,2
Arabs,-,-,2
",",-,-,2
and,-,-,2
could,-,-,2
be,-,-,2
interpreted,-,-,2
in,-,-,2
more,-,-,2
than,-,-,2
one,-,-,2
way,-,-,2
.,-,-,2
He,ENTITY,Q560307_159,3
also,-,-,3
criticized,EVENT,Q560307_5,3
the,-,-,3
use,-,-,3
of,-,-,3
religion,-,-,3
to,-,-,3
exert,-,-,3
political,-,-,3
power,-,-,3
.,-,-,3
In,-,-,4
1995,-,-,4
an,-,-,4
Egyptian,-,-,4
Sharia,-,-,4
court,-,-,4
declared,EVENT,Q560307_6,4
him,ENTITY,Q560307_160,4
an,-,-,4
apostate,EVENT,Q560307_7,4
",",-,-,4
this,-,-,4
led,-,-,4
to,-,-,4
threats,-,-,4
of,-,-,4
death,-,-,4
and,-,-,4
his,ENTITY,Q560307_161,4
fleeing,EVENT,Q560307_8,4
Egypt,-,-,4
several,-,-,4
weeks,-,-,4
later,-,-,4
.,-,-,4
He,ENTITY,Q560307_162,5
later,-,-,5
quietly,-,-,5
returned,EVENT,Q560307_9,5
to,-,-,5
Egypt,-,-,5
where,-,-,5
he,ENTITY,Q560307_357,5
died,EVENT,Q560307_10,5
.,-,-,5
Nasr,ENTITY,Q560307_175,6
Hamid,ENTITY,Q560307_164,6
Abu,ENTITY,Q560307_385,6
Zayd,-,-,6
was,-,-,6
born,EVENT,Q560307_11,6
in,-,-,6
Quhafa,-,-,6
",",-,-,6
a,-,-,6
small,-,-,6
village,-,-,6
some,-,-,6
120,-,-,6
 ,-,-,6
km,-,-,6
from,-,-,6
Cairo,-,-,6
",",-,-,6
near,-,-,6
Tanta,-,-,6
",",-,-,6
Egypt,-,-,6
on,-,-,6
July,-,-,6
10,-,-,6
",",-,-,6
1943,-,-,6
.,-,-,6
Abu,ENTITY,Q560307_180,7
Zayd,ENTITY,Q560307_186,7
went,EVENT,Q560307_12,7
through,-,-,7
a,-,-,7
traditional,-,-,7
religious,-,-,7
school,-,-,7
system,-,-,7
and,-,-,7
was,REL,Q560307_13,7
a,-,-,7
Qāriʾ,EVENT,Q560307_14,7
who,-,-,7
could,-,-,7
recite,EVENT,Q560307_15,7
the,-,-,7
Qur'an,-,-,7
with,-,-,7
the,-,-,7
proper,-,-,7
rules,-,-,7
of,-,-,7
recitation,-,-,7
",",-,-,7
and,-,-,7
a,-,-,7
Hafiz,EVENT,Q560307_16,7
one,-,-,7
who,-,-,7
has,-,-,7
memorized,EVENT,Q560307_17,7
the,-,-,7
Quran,-,-,7
completely,-,-,7
from,-,-,7
a,-,-,7
young,-,-,7
age,-,-,7
.,-,-,7
At,-,-,8
the,-,-,8
age,-,-,8
of,-,-,8
12,-,-,8
",",-,-,8
Abu,ENTITY,Q560307_184,8
Zayd,ENTITY,Q560307_188,8
was,-,-,8
imprisoned,EVENT,Q560307_18,8
for,-,-,8
allegedly,EVENT-MOD,Q560307_20,8
sympathising,EVENT,Q560307_19,8
with,-,-,8
the,-,-,8
Muslim,-,-,8
Brotherhood,-,-,8
.,-,-,8
He,ENTITY,Q560307_189,9
was,-,-,9
also,-,-,9
influenced,EVENT,Q560307_21,9
by,-,-,9
the,-,-,9
writings,-,-,9
of,-,-,9
Muslim,-,-,9
Brotherhood,-,-,9
revolutionary,-,-,9
Islamist,-,-,9
Sayyid,-,-,9
Qutb,-,-,9
",",-,-,9
who,-,-,9
was,-,-,9
executed,-,-,9
by,-,-,9
the,-,-,9
Egyptian,-,-,9
state,-,-,9
in,-,-,9
1966,-,-,9
",",-,-,9
but,-,-,9
moved,EVENT,Q560307_22,9
away,-,-,9
from,-,-,9
the,-,-,9
ideas,-,-,9
of,-,-,9
the,-,-,9
Brethren,-,-,9
and,-,-,9
Qutb,-,-,9
as,-,-,9
he,ENTITY,Q560307_192,9
grew,EVENT,Q560307_23,9
older,-,-,9
.,-,-,9
After,-,-,10
receiving,EVENT,Q560307_24,10
technical,-,-,10
training,-,-,10
he,-,-,10
worked,EVENT,Q560307_25,10
for,-,-,10
the,-,-,10
National,-,-,10
Communications,-,-,10
Organization,-,-,10
in,-,-,10
Cairo,-,-,10
.,-,-,10
At,-,-,11
the,-,-,11
same,-,-,11
time,-,-,11
",",-,-,11
he,ENTITY,Q560307_274,11
started,EVENT,Q560307_27,11
studying,EVENT,Q560307_26,11
at,-,-,11
Cairo,-,-,11
University,-,-,11
",",-,-,11
where,-,-,11
he,ENTITY,Q560307_193,11
obtained,EVENT,Q560307_28,11
his,ENTITY,Q560307_194,11
BA,-,-,11
degree,EVENT,Q560307_190,11
in,-,-,11
Arabic,-,-,11
Studies,-,-,11
(,-,-,11
1972,-,-,11
),-,-,11
",",-,-,11
and,-,-,11
later,-,-,11
his,ENTITY,Q560307_195,11
MA,-,-,11
(,-,-,11
1977,-,-,11
),-,-,11
and,-,-,11
PhD,-,-,11
degrees,EVENT,Q560307_191,11
(,-,-,11
1981,-,-,11
),-,-,11
in,-,-,11
Islamic,-,-,11
Studies,-,-,11
",",-,-,11
with,-,-,11
works,ENTITY,Q560307_235,11
concerning,-,-,11
the,-,-,11
interpretation,-,-,11
of,-,-,11
the,-,-,11
Qur'an,-,-,11
.,-,-,11
In,-,-,13
1982,-,-,13
",",-,-,13
he,ENTITY,Q560307_196,13
joined,EVENT,Q560307_29,13
the,-,-,13
faculty,-,-,13
of,-,-,13
the,-,-,13
Department,-,-,13
of,-,-,13
Arabic,-,-,13
Language,-,-,13
and,-,-,13
Literature,-,-,13
at,-,-,13
Cairo,-,-,13
University,-,-,13
as,-,-,13
an,-,-,13
assistant,-,-,13
professor,-,-,13
.,-,-,13
He,-,-,14
became,REL,Q560307_31,14
an,-,-,14
associate,-,-,14
professor,EVENT,Q560307_30,14
there,-,-,14
in,-,-,14
1987,-,-,14
.,-,-,14
From,-,-,15
1985,-,-,15
to,-,-,15
1989,-,-,15
",",-,-,15
he,ENTITY,Q560307_339,15
worked,EVENT,Q560307_32,15
as,-,-,15
a,-,-,15
visiting,-,-,15
lecturer,-,-,15
at,-,-,15
Osaka,-,-,15
University,-,-,15
in,-,-,15
Japan,-,-,15
.,-,-,15
In,-,-,16
1992,-,-,16
the,-,-,16
process,-,-,16
of,-,-,16
his,ENTITY,Q560307_197,16
being,-,-,16
considered,EVENT,Q560307_34,16
for,-,-,16
promotion,EVENT,Q560307_33,16
to,-,-,16
full,-,-,16
professor,-,-,16
at,-,-,16
Cairo,-,-,16
University,-,-,16
morphed,-,-,16
from,-,-,16
a,-,-,16
routine,-,-,16
academic,-,-,16
process,-,-,16
into,-,-,16
a,-,-,16
"""",-,-,16
legal,-,-,16
nightmare,-,-,16
for,-,-,16
him,ENTITY,Q560307_198,16
and,-,-,16
his,ENTITY,Q560307_199,16
wife,-,-,16
.,-,-,16
"""",-,-,16
While,-,-,17
he,ENTITY,Q560307_200,17
was,-,-,17
eventually,-,-,17
promoted,EVENT,Q560307_35,17
",",-,-,17
he,-,-,17
was,-,-,17
sued,EVENT,Q560307_36,17
by,-,-,17
conservative,-,-,17
Muslims,-,-,17
and,-,-,17
a,-,-,17
Court,-,-,17
of,-,-,17
Appeals,-,-,17
declared,EVENT,Q560307_37,17
him,ENTITY,Q560307_201,17
an,-,-,17
apostate,EVENT,Q560307_38,17
and,-,-,17
divorced,EVENT,Q560307_39,17
him,ENTITY,Q560307_202,17
from,-,-,17
his,ENTITY,Q560307_203,17
wife,-,-,17
.,-,-,17
This,-,-,18
was,-,-,18
followed,-,-,18
by,-,-,18
calls,EVENT,Q560307_40,18
for,-,-,18
his,ENTITY,Q560307_204,18
death,EVENT,Q560307_41,18
and,-,-,18
exile,EVENT,Q560307_42,18
to,-,-,18
Europe,-,-,18
where,-,-,18
he,ENTITY,Q560307_205,18
obtained,EVENT,Q560307_43,18
the,-,-,18
position,-,-,18
of,-,-,18
Visiting,-,-,18
Professor,-,-,18
of,-,-,18
Arabic,-,-,18
and,-,-,18
Islamic,-,-,18
Studies,-,-,18
at,-,-,18
Leiden,-,-,18
University,-,-,18
.,-,-,18
(,-,-,19
see,-,-,19
below,-,-,19
),-,-,19
In,-,-,19
Europe,-,-,19
he,ENTITY,Q560307_370,19
held,EVENT,Q560307_44,19
the,-,-,19
Ibn,-,-,19
Rushd,-,-,19
Chair,-,-,19
of,-,-,19
Humanism,-,-,19
and,-,-,19
Islam,-,-,19
at,-,-,19
the,-,-,19
University,-,-,19
for,-,-,19
Humanistics,-,-,19
",",-,-,19
Utrecht,-,-,19
",",-,-,19
Netherlands,-,-,19
",",-,-,19
while,-,-,19
still,-,-,19
supervising,EVENT,Q560307_45,19
MA,-,-,19
and,-,-,19
PhD,-,-,19
students,-,-,19
at,-,-,19
the,-,-,19
University,-,-,19
of,-,-,19
Leiden,-,-,19
as,-,-,19
well,-,-,19
.,-,-,19
He,-,-,20
also,-,-,20
participated,EVENT,Q560307_46,20
in,-,-,20
a,-,-,20
research,-,-,20
project,-,-,20
on,-,-,20
Jewish,-,-,20
and,-,-,20
Islamic,-,-,20
Hermeneutics,-,-,20
as,-,-,20
Cultural,-,-,20
Critique,-,-,20
in,-,-,20
the,-,-,20
Working,-,-,20
Group,-,-,20
on,-,-,20
Islam,-,-,20
and,-,-,20
modernity,-,-,20
at,-,-,20
the,-,-,20
Institute,-,-,20
of,-,-,20
Advanced,-,-,20
Studies,-,-,20
of,-,-,20
Berlin,-,-,20
(,-,-,20
Wissenschaftskolleg,-,-,20
zu,-,-,20
Berlin,-,-,20
),-,-,20
.,-,-,20
In,-,-,21
2005,-,-,21
",",-,-,21
he,-,-,21
received,EVENT,Q560307_47,21
the,-,-,21
Ibn,-,-,21
Rushd,-,-,21
Prize,-,-,21
for,-,-,21
Freedom,-,-,21
of,-,-,21
Thought,-,-,21
",",-,-,21
Berlin,-,-,21
.,-,-,21
His,ENTITY,Q560307_214,22
wife,-,-,22
returned,-,-,22
several,-,-,22
times,-,-,22
to,-,-,22
Egypt,-,-,22
for,-,-,22
discussion,-,-,22
on,-,-,22
MA,-,-,22
and,-,-,22
PhD,-,-,22
these,-,-,22
s,-,-,22
at,-,-,22
the,-,-,22
French,-,-,22
department,-,-,22
at,-,-,22
Cairo,-,-,22
University,-,-,22
.,-,-,22
Dr.,ENTITY,Q560307_212,23
Abu,ENTITY,Q560307_226,23
Zayd,ENTITY,Q560307_216,23
also,-,-,23
returned,EVENT,Q560307_48,23
several,-,-,23
times,-,-,23
to,-,-,23
Egypt,-,-,23
after,-,-,23
1995,-,-,23
",",-,-,23
but,-,-,23
mostly,-,-,23
to,-,-,23
visit,EVENT,Q560307_49,23
family,-,-,23
.,-,-,23
During,-,-,24
a,-,-,24
visit,EVENT,Q560307_50,24
in,-,-,24
Indonesia,-,-,24
he,-,-,24
was,-,-,24
infected,EVENT,Q560307_51,24
by,-,-,24
an,-,-,24
unknown,-,-,24
virus,-,-,24
",",-,-,24
and,-,-,24
was,-,-,24
hospitalized,EVENT,Q560307_52,24
in,-,-,24
Cairo,-,-,24
.,-,-,24
He,-,-,25
died,EVENT,Q560307_53,25
at,-,-,25
a,-,-,25
Cairo,-,-,25
hospital,-,-,25
on,-,-,25
July,-,-,25
5,-,-,25
",",-,-,25
2010,-,-,25
at,-,-,25
the,-,-,25
age,-,-,25
of,-,-,25
66,-,-,25
.,-,-,25
He,ENTITY,Q560307_217,26
was,-,-,26
buried,EVENT,Q560307_54,26
in,-,-,26
his,ENTITY,Q560307_218,26
birthplace,-,-,26
",",-,-,26
on,-,-,26
the,-,-,26
same,-,-,26
day,-,-,26
.,-,-,26
Zayd,ENTITY,Q560307_219,27
's,-,-,27
academic,-,-,27
work,EVENT,Q560307_383,27
on,-,-,27
the,-,-,27
Qur'an,-,-,27
led,EVENT,Q560307_55,27
to,-,-,27
a,-,-,27
lawsuit,EVENT,Q560307_56,27
against,-,-,27
him,ENTITY,Q560307_220,27
by,-,-,27
conservative,-,-,27
Muslim,-,-,27
scholars,-,-,27
.,-,-,27
The,ENTITY,Q560307_250,28
subsequent,-,-,28
a,-,-,28
hisbah,-,-,28
trial,-,-,28
led,-,-,28
to,-,-,28
him,-,-,28
being,-,-,28
declared,EVENT,Q560307_58,28
an,-,-,28
apostate,EVENT,Q560307_57,28
(,-,-,28
murtadd,-,-,28
),-,-,28
by,-,-,28
an,-,-,28
Egyptian,-,-,28
court,-,-,28
.,-,-,28
Since,-,-,29
under,-,-,29
Sharia,-,-,29
law,-,-,29
it,-,-,29
is,-,-,29
not,-,-,29
permissible,-,-,29
for,-,-,29
a,-,-,29
Muslim,-,-,29
woman,-,-,29
to,-,-,29
be,-,-,29
married,-,-,29
to,-,-,29
a,-,-,29
non,-,-,29
-,ENTITY,Q560307_398,29
Muslim,-,-,29
man,-,-,29
",",-,-,29
the,-,-,29
court,-,-,29
also,-,-,29
declared,EVENT,Q560307_60,29
he,-,-,29
could,-,-,29
not,EVENT-MOD,Q560307_61,29
remain,-,-,29
married,EVENT,Q560307_62,29
to,-,-,29
his,-,-,29
wife,-,-,29
—,-,-,29
Cairo,-,-,29
University,-,-,29
French,-,-,29
Literature,-,-,29
professor,-,-,29
Dr.,-,-,29
Ibtihal,-,-,29
Younis,-,-,29
.,-,-,29
This,-,-,30
decision,-,-,30
",",-,-,30
in,-,-,30
effect,-,-,30
",",-,-,30
forced,EVENT,Q560307_59,30
him,ENTITY,Q560307_221,30
out,-,-,30
of,-,-,30
his,-,-,30
homeland,-,-,30
.,-,-,30
The,-,-,31
Nasr,-,-,31
Abu,ENTITY,Q560307_325,31
Zayd,-,-,31
case,-,-,31
began,-,-,31
when,-,-,31
he,-,-,31
was,-,-,31
refused,EVENT,Q560307_63,31
a,-,-,31
promotion,-,-,31
for,-,-,31
the,-,-,31
post,-,-,31
of,-,-,31
full,-,-,31
professor,-,-,31
.,-,-,31
In,-,-,32
May,-,-,32
1992,-,-,32
",",-,-,32
Dr.,ENTITY,Q560307_228,32
Abu,ENTITY,Q560307_320,32
Zayd,-,-,32
presented,EVENT,Q560307_64,32
his,-,-,32
academic,-,-,32
publications,-,-,32
to,-,-,32
the,-,-,32
Standing,-,-,32
Committee,-,-,32
of,-,-,32
Academic,-,-,32
Tenure,-,-,32
and,-,-,32
Promotion,-,-,32
for,-,-,32
advancement,-,-,32
.,-,-,32
Among,-,-,33
his,-,-,33
thirteen,-,-,33
works,-,-,33
in,-,-,33
Arabic,-,-,33
and,-,-,33
other,-,-,33
languages,-,-,33
were,-,-,33
Imam,-,-,33
Shāfi'ī,-,-,33
and,-,-,33
the,-,-,33
Founding,-,-,33
of,-,-,33
Medieval,-,-,33
Ideology,-,-,33
and,-,-,33
The,-,-,33
Critique,-,-,33
of,-,-,33
Religious,-,-,33
Discourse,-,-,33
.,-,-,33
The,-,-,34
committee,-,-,34
presented,-,-,34
three,-,-,34
reports,-,-,34
",",-,-,34
two,-,-,34
were,-,-,34
in,-,-,34
favor,EVENT,Q560307_65,34
of,-,-,34
the,-,-,34
promotion,EVENT,Q560307_66,34
of,-,-,34
Dr.,ENTITY,Q560307_390,34
Abu,-,-,34
Zayd,-,-,34
.,-,-,34
But,-,-,35
the,-,-,35
third,-,-,35
one,-,-,35
",",-,-,35
written,-,-,35
by,-,-,35
Abdel,-,-,35
-,-,-,35
Sabour,-,-,35
Shahin,-,-,35
",",-,-,35
a,-,-,35
professor,-,-,35
of,-,-,35
Arabic,-,-,35
linguistics,-,-,35
at,-,-,35
the,-,-,35
Cairo,-,-,35
Dar,-,-,35
al-,-,-,35
',-,-,35
Ulum,-,-,35
",",-,-,35
and,-,-,35
a,-,-,35
committee,-,-,35
member,-,-,35
",",-,-,35
accused,EVENT,Q560307_67,35
Abu,ENTITY,Q560307_232,35
Zayd,-,-,35
of,-,-,35
"""",-,-,35
clear,-,-,35
affronts,EVENT,Q560307_68,35
to,-,-,35
the,-,-,35
Islamic,-,-,35
faith,-,-,35
",",-,-,35
"""",-,-,35
and,-,-,35
rejected,-,-,35
the,-,-,35
promotion,-,-,35
.,-,-,35
Despite,-,-,36
the,-,-,36
two,-,-,36
positive,-,-,36
reports,-,-,36
",",-,-,36
the,-,-,36
Tenure,-,-,36
and,-,-,36
Promotion,-,-,36
Committee,-,-,36
voted,-,-,36
against,-,-,36
the,-,-,36
promotion,-,-,36
(,-,-,36
seven,-,-,36
votes,-,-,36
to,-,-,36
six,-,-,36
),-,-,36
",",-,-,36
arguing,EVENT,Q560307_70,36
that,-,-,36
his,-,-,36
works,ENTITY,Q560307_237,36
did,-,-,36
not,EVENT-MOD,Q560307_71,36
justify,-,-,36
a,-,-,36
promotion,EVENT,Q560307_69,36
.,-,-,36
The,-,-,37
Council,-,-,37
of,-,-,37
the,-,-,37
Arabic,-,-,37
Department,-,-,37
made,-,-,37
a,-,-,37
statement,-,-,37
against,-,-,37
the,-,-,37
committee,-,-,37
's,-,-,37
decision,-,-,37
",",-,-,37
and,-,-,37
the,-,-,37
Council,-,-,37
of,-,-,37
the,-,-,37
Faculty,-,-,37
of,-,-,37
Arts,-,-,37
criticized,-,-,37
the,-,-,37
committee,-,-,37
report,-,-,37
.,-,-,37
Despite,-,-,38
all,-,-,38
that,-,-,38
",",-,-,38
the,-,-,38
Council,-,-,38
of,-,-,38
Cairo,-,-,38
University,-,-,38
confirmed,-,-,38
the,-,-,38
decision,-,-,38
of,-,-,38
the,-,-,38
committee,-,-,38
report,-,-,38
on,-,-,38
18,-,-,38
March,-,-,38
1993,-,-,38
.,-,-,38
Not,-,-,39
content,-,-,39
with,-,-,39
blocking,-,-,39
the,-,-,39
promotion,-,-,39
",",-,-,39
at,-,-,39
the,-,-,39
pulpit,-,-,39
at,-,-,39
Amr,-,-,39
Ibn,-,-,39
Al-`Aas,-,-,39
Mosque,-,-,39
where,-,-,39
he,-,-,39
was,-,-,39
a,-,-,39
preacher,-,-,39
",",-,-,39
Shahin,-,-,39
publicly,-,-,39
denounced,EVENT,Q560307_72,39
Abu,ENTITY,Q560307_240,39
Zayd,-,-,39
as,-,-,39
an,-,-,39
apostate,EVENT,Q560307_73,39
(,-,-,39
murtadd,-,-,39
),-,-,39
.,-,-,39
Shortly,-,-,40
thereafter,-,-,40
a,-,-,40
"""",-,-,40
flood,-,-,40
of,-,-,40
vitriolic,-,-,40
articles,-,-,40
accusing,-,-,40
him,-,-,40
of,-,-,40
heresy,-,-,40
"""",-,-,40
appeared,-,-,40
in,-,-,40
the,-,-,40
"""",-,-,40
mainstream,-,-,40
",",-,-,40
semi,-,-,40
-,-,-,40
state,-,-,40
press,-,-,40
"""",-,-,40
.,-,-,40
Critics,-,-,41
of,-,-,41
the,-,-,41
case,-,-,41
have,-,-,41
noted,-,-,41
that,-,-,41
Shahin,-,-,41
's,-,-,41
interest,-,-,41
in,-,-,41
the,-,-,41
beliefs,-,-,41
of,-,-,41
Abu,-,-,41
Zayd,-,-,41
may,-,-,41
have,-,-,41
been,-,-,41
motivated,-,-,41
by,-,-,41
factors,-,-,41
other,-,-,41
than,-,-,41
piety,-,-,41
.,-,-,41
In,-,-,42
addition,-,-,42
to,-,-,42
being,-,-,42
preacher,-,-,42
during,-,-,42
Friday,-,-,42
Services,-,-,42
at,-,-,42
Cairo,-,-,42
's,-,-,42
oldest,-,-,42
mosque,-,-,42
and,-,-,42
a,-,-,42
host,-,-,42
of,-,-,42
a,-,-,42
number,-,-,42
of,-,-,42
television,-,-,42
and,-,-,42
radio,-,-,42
programs,-,-,42
about,-,-,42
Islam,-,-,42
",",-,-,42
Shahin,-,-,42
was,-,-,42
active,-,-,42
in,-,-,42
Egypt,-,-,42
's,-,-,42
ruling,-,-,42
party,-,-,42
as,-,-,42
chairman,-,-,42
of,-,-,42
its,-,-,42
religious,-,-,42
committee,-,-,42
.,-,-,42
In,-,-,43
addition,-,-,43
:,-,-,43
Insiders,-,-,43
also,-,-,43
knew,-,-,43
Shahine,-,-,43
had,-,-,43
been,-,-,43
a,-,-,43
consultant,-,-,43
in,-,-,43
the,-,-,43
late,-,-,43
1980s,-,-,43
to,-,-,43
the,-,-,43
Rayyan,-,-,43
Investment,-,-,43
Company,-,-,43
.,-,-,43
Rayyan,-,-,44
had,-,-,44
touted,-,-,44
itself,-,-,44
as,-,-,44
an,-,-,44
Islamic,-,-,44
financial,-,-,44
outfit,-,-,44
",",-,-,44
appealing,-,-,44
to,-,-,44
pious,-,-,44
Muslims,-,-,44
who,-,-,44
believed,-,-,44
that,-,-,44
Islam,-,-,44
forbids,-,-,44
them,-,-,44
to,-,-,44
receive,-,-,44
interest,-,-,44
.,-,-,44
It,-,-,45
promised,-,-,45
to,-,-,45
pay,-,-,45
them,-,-,45
instead,-,-,45
with,-,-,45
Islamically,-,-,45
sanctioned,-,-,45
"""",-,-,45
dividends,-,-,45
.,-,-,45
"""",-,-,45
Badly,-,-,46
run,-,-,46
",",-,-,46
the,-,-,46
firm,-,-,46
went,-,-,46
bankrupt,-,-,46
",",-,-,46
depriving,-,-,46
thousand,-,-,46
of,-,-,46
Egyptians,-,-,46
of,-,-,46
their,-,-,46
life,-,-,46
savings,-,-,46
.,-,-,46
In,-,-,47
his,-,-,47
book,-,-,47
",",-,-,47
Abu,ENTITY,Q560307_244,47
Zaid,-,-,47
cited,EVENT,Q560307_74,47
Rayyan,-,-,47
as,-,-,47
an,-,-,47
example,-,-,47
of,-,-,47
how,-,-,47
some,-,-,47
Islamists,-,-,47
used,-,-,47
religious,-,-,47
discourse,-,-,47
for,-,-,47
ulterior,-,-,47
motives,-,-,47
and,-,-,47
material,-,-,47
gain,-,-,47
.,-,-,47
Shahine,-,-,48
had,-,-,48
not,-,-,48
been,-,-,48
pleased,-,-,48
with,-,-,48
the,-,-,48
criticism,-,-,48
.,-,-,48
In,-,-,48
June,-,-,48
(,-,-,48
April,-,-,48
according,-,-,48
to,-,-,48
another,-,-,48
account,-,-,48
),-,-,48
",",-,-,48
the,-,-,48
case,-,-,48
moved,-,-,48
beyond,-,-,48
Cairo,-,-,48
University,-,-,48
when,-,-,48
a,-,-,48
group,-,-,48
of,-,-,48
Islamists,-,-,48
led,-,-,48
by,-,-,48
the,-,-,48
former,-,-,48
state,-,-,48
official,-,-,48
",",-,-,48
Muhammad,-,-,48
Samida,-,-,48
Abu,ENTITY,Q560307_328,48
Samada,-,-,48
and,-,-,48
including,-,-,48
Shahin,-,-,48
",",-,-,48
filed,-,-,48
a,-,-,48
lawsuit,-,-,48
before,-,-,48
the,-,-,48
Giza,-,-,48
Lower,-,-,48
Personal,-,-,48
Status,-,-,48
Court,-,-,48
(,-,-,48
family,-,-,48
court,-,-,48
),-,-,48
in,-,-,48
Cairo,-,-,48
demanding,EVENT,Q560307_75,48
the,-,-,48
nullification,EVENT,Q560307_76,48
of,-,-,48
the,-,-,48
marriage,-,-,48
between,-,-,48
Abu,ENTITY,Q560307_248,48
Zayd,-,-,48
and,-,-,48
his,-,-,48
wife,-,-,48
",",-,-,48
Dr.,-,-,48
Ibtihal,-,-,48
Younis,-,-,48
",",-,-,48
arguing,-,-,48
that,-,-,48
Islamic,-,-,48
law,-,-,48
forbids,-,-,48
a,-,-,48
marriage,-,-,48
between,-,-,48
a,-,-,48
Muslim,-,-,48
woman,-,-,48
and,-,-,48
an,-,-,48
apostate,-,-,48
.,-,-,48
(,-,-,49
The,-,-,49
couple,ENTITY,Q560307_251,49
were,-,-,49
not,EVENT-MOD,Q560307_79,49
notified,EVENT,Q560307_77,49
but,-,-,49
heard,EVENT,Q560307_78,49
about,-,-,49
the,-,-,49
case,-,-,49
first,-,-,49
in,-,-,49
the,-,-,49
tabloid,-,-,49
newspapers,-,-,49
.,-,-,49
),-,-,49
The,-,-,50
court,-,-,50
case,-,-,50
was,-,-,50
filed,-,-,50
through,-,-,50
personal,-,-,50
status,-,-,50
law,-,-,50
for,-,-,50
divorce,-,-,50
because,-,-,50
in,-,-,50
this,-,-,50
area,-,-,50
"""",-,-,50
the,-,-,50
Islamic,-,-,50
Shari'a,-,-,50
is,-,-,50
still,-,-,50
in,-,-,50
force,-,-,50
"""",-,-,50
in,-,-,50
Egyptian,-,-,50
law,-,-,50
.,-,-,50
Filing,-,-,51
cases,-,-,51
of,-,-,51
hisbah,-,-,51
against,-,-,51
Muslims,-,-,51
who,-,-,51
violated,-,-,51
a,-,-,51
"""",-,-,51
right,-,-,51
of,-,-,51
God,-,-,51
"""",-,-,51
and,-,-,51
thus,-,-,51
disturbed,-,-,51
the,-,-,51
public,-,-,51
order,-,-,51
was,-,-,51
at,-,-,51
one,-,-,51
time,-,-,51
the,-,-,51
function,-,-,51
of,-,-,51
an,-,-,51
official,-,-,51
known,-,-,51
as,-,-,51
the,-,-,51
muhtasib,-,-,51
before,-,-,51
that,-,-,51
function,-,-,51
had,-,-,51
lapsed,-,-,51
.,-,-,51
The,-,-,52
lawsuit,-,-,52
by,-,-,52
the,-,-,52
Islamists,-,-,52
resurrected,-,-,52
hisbah,-,-,52
and,-,-,52
had,-,-,52
the,-,-,52
advantage,-,-,52
that,-,-,52
the,-,-,52
plaintiffs,-,-,52
did,-,-,52
not,-,-,52
have,-,-,52
to,-,-,52
be,-,-,52
directly,-,-,52
affected,-,-,52
by,-,-,52
a,-,-,52
defendant,-,-,52
's,-,-,52
alleged,-,-,52
wrongdoing,-,-,52
.,-,-,52
The,-,-,53
hisbah,-,-,53
principles,-,-,53
are,-,-,53
stated,-,-,53
in,-,-,53
Article,-,-,53
89,-,-,53
and,-,-,53
110,-,-,53
of,-,-,53
the,-,-,53
Regulations,-,-,53
Governing,-,-,53
Sharia,-,-,53
Courts,-,-,53
in,-,-,53
Egypt,-,-,53
but,-,-,53
were,-,-,53
amended,-,-,53
in,-,-,53
1998,-,-,53
",",-,-,53
too,-,-,53
late,-,-,53
to,-,-,53
help,-,-,53
Abu,-,-,53
Zayd,-,-,53
.,-,-,53
According,-,-,54
to,-,-,54
conservative,-,-,54
Islamist,-,-,54
scholars,-,-,54
cited,-,-,54
against,-,-,54
Abu,-,-,54
Zayd,-,-,54
by,-,-,54
the,-,-,54
plaintiffs,-,-,54
",",-,-,54
the,-,-,54
professor,ENTITY,Q560307_273,54
was,-,-,54
an,-,-,54
"""",-,-,54
ignorant,-,-,54
proponent,-,-,54
of,-,-,54
the,-,-,54
Enlightenment,-,-,54
"""",-,-,54
who,-,-,54
understand,-,-,54
freedom,-,-,54
of,-,-,54
thought,-,-,54
to,-,-,54
mean,-,-,54
freedom,-,-,54
to,-,-,54
lead,-,-,54
the,-,-,54
people,-,-,54
to,-,-,54
infidelity,-,-,54
"""",-,-,54
.,-,-,54
Another,-,-,55
called,-,-,55
Abu,-,-,55
Zayd,-,-,55
's,-,-,55
work,-,-,55
"""",-,-,55
cultural,-,-,55
AIDS,-,-,55
"""",-,-,55
and,-,-,55
"""",-,-,55
intellectual,-,-,55
terrorism,-,-,55
.,-,-,55
"""",-,-,55
(,-,-,56
This,-,-,56
critic,-,-,56
was,-,-,56
himself,-,-,56
assailed,-,-,56
as,-,-,56
an,-,-,56
apostate,-,-,56
several,-,-,56
years,-,-,56
later,-,-,56
for,-,-,56
his,-,-,56
own,-,-,56
religious,-,-,56
writings,-,-,56
.,-,-,56
),-,-,56
On,-,-,57
27,-,-,57
January,-,-,57
1994,-,-,57
",",-,-,57
the,-,-,57
Giza,-,-,57
Personal,-,-,57
Status,-,-,57
Court,-,-,57
rejected,-,-,57
the,-,-,57
demand,-,-,57
because,-,-,57
the,-,-,57
plaintiff,-,-,57
had,-,-,57
no,-,-,57
direct,-,-,57
",",-,-,57
personal,-,-,57
interest,-,-,57
in,-,-,57
the,-,-,57
matter,-,-,57
.,-,-,57
However,-,-,58
",",-,-,58
on,-,-,58
June,-,-,58
14,-,-,58
",",-,-,58
1995,-,-,58
Cairo,-,-,58
's,-,-,58
Court,-,-,58
of,-,-,58
Appeals,-,-,58
reversed,-,-,58
the,-,-,58
lower,-,-,58
court,-,-,58
ruling,-,-,58
in,-,-,58
favor,-,-,58
of,-,-,58
the,-,-,58
plaintiff,-,-,58
",",-,-,58
judge,-,-,58
',-,-,58
Abd,-,-,58
al-'Alim,-,-,58
Musa,-,-,58
(,-,-,58
who,-,-,58
had,-,-,58
worked,-,-,58
for,-,-,58
several,-,-,58
years,-,-,58
in,-,-,58
Saudi,-,-,58
Arabia,-,-,58
),-,-,58
found,EVENT,Q560307_80,58
Abu,ENTITY,Q560307_256,58
Zayd,-,-,58
to,-,-,58
be,REL,Q560307_82,58
an,-,-,58
apostate,EVENT,Q560307_81,58
",",-,-,58
and,-,-,58
declaring,EVENT,Q560307_83,58
the,-,-,58
marriage,EVENT,Q560307_85,58
of,-,-,58
Abu,ENTITY,Q560307_260,58
Zayd,-,-,58
and,-,-,58
Ibtihal,-,-,58
Younis,-,-,58
-,EVENT-MOD,Q560307_84,58
and,-,-,58
void,-,-,58
.,-,-,58
Among,-,-,59
other,-,-,59
things,-,-,59
the,-,-,59
court,-,-,59
declared,-,-,59
that,-,-,59
the,-,-,59
verse,-,-,59
authorizing,-,-,59
the,-,-,59
discriminatory,-,-,59
jizya,-,-,59
tax,-,-,59
on,-,-,59
non,-,-,59
-,-,-,59
Muslims,-,-,59
"""",-,-,59
is,-,-,59
not,-,-,59
subject,-,-,59
to,-,-,59
discussion,-,-,59
"""",-,-,59
",",-,-,59
and,-,-,59
that,-,-,59
owning,-,-,59
slave,-,-,59
women,-,-,59
is,-,-,59
allowed,-,-,59
under,-,-,59
certain,-,-,59
conditions,-,-,59
by,-,-,59
"""",-,-,59
clear,-,-,59
Qur'anic,-,-,59
verses,-,-,59
that,-,-,59
we,-,-,59
must,-,-,59
follow,-,-,59
"""",-,-,59
Abu,ENTITY,Q560307_264,59
Zayd,-,-,59
was,-,-,59
also,-,-,59
accused,EVENT,Q560307_86,59
on,-,-,59
not,EVENT-MOD,Q560307_266,59
believing,EVENT,Q560307_87,59
in,-,-,59
jinn,-,-,59
(,-,-,59
genies,-,-,59
),-,-,59
.,-,-,59
The,-,-,60
judgement,-,-,60
stated,-,-,60
that,-,-,60
:,-,-,60
the,-,-,60
defendant,-,-,60
's,ENTITY,Q560307_288,60
proposition,-,-,60
that,-,-,60
the,-,-,60
requirement,-,-,60
of,-,-,60
Christians,-,-,60
and,-,-,60
Jews,-,-,60
to,-,-,60
pay,-,-,60
jizyah,-,-,60
(,-,-,60
poll,-,-,60
tax,-,-,60
),-,-,60
constitutes,-,-,60
a,-,-,60
reversal,-,-,60
of,-,-,60
humanity,-,-,60
's,-,-,60
efforts,-,-,60
to,-,-,60
establish,-,-,60
a,-,-,60
better,-,-,60
world,-,-,60
is,-,-,60
contrary,-,-,60
to,-,-,60
the,-,-,60
divine,-,-,60
verses,-,-,60
on,-,-,60
the,-,-,60
question,-,-,60
of,-,-,60
jizyah,-,-,60
",",-,-,60
in,-,-,60
a,-,-,60
manner,-,-,60
considered,-,-,60
by,-,-,60
some,-,-,60
",",-,-,60
inappropriate,-,-,60
",",-,-,60
even,-,-,60
for,-,-,60
temporal,-,-,60
matters,-,-,60
and,-,-,60
judgments,-,-,60
notwithstanding,-,-,60
its,-,-,60
inappropriateness,-,-,60
when,-,-,60
dealing,-,-,60
with,-,-,60
the,-,-,60
Qur'an,-,-,60
and,-,-,60
Sunnah,-,-,60
",",-,-,60
whose,-,-,60
texts,-,-,60
represent,-,-,60
the,-,-,60
pinnacle,-,-,60
of,-,-,60
humane,-,-,60
and,-,-,60
generous,-,-,60
treatment,-,-,60
of,-,-,60
non,-,-,60
-,-,-,60
Muslim,-,-,60
minorities,-,-,60
.,-,-,60
If,-,-,61
non,-,-,61
-,-,-,61
Muslim,-,-,61
countries,-,-,61
were,-,-,61
to,-,-,61
grant,-,-,61
their,-,-,61
Muslim,-,-,61
minorities,-,-,61
even,-,-,61
one,-,-,61
-,-,-,61
tenth,-,-,61
of,-,-,61
the,-,-,61
rights,-,-,61
accorded,-,-,61
to,-,-,61
non,-,-,61
-,-,-,61
Muslim,-,-,61
minorities,-,-,61
by,-,-,61
Islam,-,-,61
",",-,-,61
instead,-,-,61
of,-,-,61
undertaking,-,-,61
the,-,-,61
mass,-,-,61
murder,-,-,61
of,-,-,61
men,-,-,61
",",-,-,61
women,-,-,61
",",-,-,61
and,-,-,61
children,-,-,61
",",-,-,61
this,-,-,61
would,-,-,61
be,-,-,61
a,-,-,61
step,-,-,61
forward,-,-,61
for,-,-,61
humanity,-,-,61
.,-,-,61
The,-,-,62
verse,-,-,62
on,-,-,62
jizyah,-,-,62
",",-,-,62
verse,-,-,62
29,-,-,62
of,-,-,62
Surat,-,-,62
al,-,-,62
-,-,-,62
Tawbah,-,-,62
",",-,-,62
which,-,-,62
the,-,-,62
defendant,-,-,62
opposes,-,-,62
",",-,-,62
is,-,-,62
not,-,-,62
subject,-,-,62
to,-,-,62
discussion,-,-,62
.,-,-,62
The,-,-,63
judgment,-,-,63
stated,-,-,63
that,-,-,63
the,-,-,63
questioning,EVENT,Q560307_88,63
by,-,-,63
Abu,ENTITY,Q560307_394,63
Zayd,-,-,63
of,-,-,63
the,-,-,63
permissibility,EVENT,Q560307_267,63
in,-,-,63
Islam,-,-,63
of,-,-,63
the,-,-,63
ownership,-,-,63
of,-,-,63
slave,-,-,63
girls,-,-,63
",",-,-,63
is,-,-,63
"""",-,-,63
contrary,-,-,63
to,-,-,63
all,-,-,63
the,-,-,63
divine,-,-,63
texts,-,-,63
which,-,-,63
permit,-,-,63
such,-,-,63
provided,-,-,63
that,-,-,63
the,-,-,63
required,-,-,63
conditions,-,-,63
are,-,-,63
met,-,-,63
"""",-,-,63
",",-,-,63
and,-,-,63
that,-,-,63
the,-,-,63
legitimacy,-,-,63
of,-,-,63
owning,-,-,63
slaves,-,-,63
is,-,-,63
considered,-,-,63
"""",-,-,63
religiously,-,-,63
proven,-,-,63
without,-,-,63
doubt,-,-,63
"""",-,-,63
.,-,-,63
Court,-,-,64
of,-,-,64
Appeals,-,-,64
head,-,-,64
Judge,-,-,64
',-,-,64
Abd,-,-,64
al-,-,-,64
',-,-,64
Alim,-,-,64
Musa,-,-,64
and,-,-,64
his,-,-,64
fellow,-,-,64
jurists,-,-,64
declared,EVENT,Q560307_91,64
Abu,ENTITY,Q560307_270,64
Zayd,-,-,64
to,-,-,64
be,REL,Q560307_90,64
"""",-,-,64
a,-,-,64
threat,EVENT,Q560307_89,64
to,-,-,64
national,-,-,64
security,-,-,64
",",-,-,64
saying,EVENT-MOD,Q560307_272,64
that,-,-,64
by,-,-,64
attacking,-,-,64
Islam,-,-,64
",",-,-,64
he,-,-,64
had,-,-,64
attacked,EVENT,Q560307_92,64
the,-,-,64
state,-,-,64
on,-,-,64
which,-,-,64
it,-,-,64
is,-,-,64
founded,-,-,64
.,-,-,64
"""",-,-,64
The,-,-,65
conservative,-,-,65
religious,-,-,65
interpretation,-,-,65
of,-,-,65
the,-,-,65
court,-,-,65
was,-,-,65
evidenced,-,-,65
a,-,-,65
month,-,-,65
after,-,-,65
the,-,-,65
ruling,-,-,65
",",-,-,65
when,-,-,65
Judge,-,-,65
Alim,-,-,65
told,-,-,65
an,-,-,65
Egyptian,-,-,65
magazine,-,-,65
that,-,-,65
Muslims,-,-,65
are,-,-,65
required,-,-,65
to,-,-,65
believe,-,-,65
in,-,-,65
spirits,-,-,65
",",-,-,65
devils,-,-,65
",",-,-,65
and,-,-,65
the,-,-,65
throne,-,-,65
of,-,-,65
God,-,-,65
.,-,-,65
In,-,-,66
examining,-,-,66
Abu,-,-,66
Zayd,-,-,66
's,-,-,66
work,-,-,66
and,-,-,66
the,-,-,66
charge,-,-,66
against,-,-,66
him,-,-,66
of,-,-,66
disbelieving,-,-,66
in,-,-,66
Jinn,-,-,66
",",-,-,66
scholar,-,-,66
Michael,-,-,66
Cook,-,-,66
notes,-,-,66
that,-,-,66
Abu,-,-,66
Zayd,-,-,66
did,-,-,66
not,-,-,66
explicitly,-,-,66
deny,-,-,66
the,-,-,66
existence,-,-,66
of,-,-,66
jinn,-,-,66
",",-,-,66
but,-,-,66
explained,-,-,66
their,-,-,66
reason,-,-,66
for,-,-,66
being,-,-,66
in,-,-,66
the,-,-,66
Qur'an,-,-,66
as,-,-,66
part,-,-,66
of,-,-,66
an,-,-,66
appeal,-,-,66
"""",-,-,66
to,-,-,66
existing,-,-,66
Arab,-,-,66
conceptions,-,-,66
of,-,-,66
communication,-,-,66
between,-,-,66
genies,-,-,66
and,-,-,66
humans,-,-,66
"""",-,-,66
.,-,-,66
Since,-,-,67
jinn,-,-,67
"""",-,-,67
were,-,-,67
part,-,-,67
of,-,-,67
the,-,-,67
culture,-,-,67
of,-,-,67
the,-,-,67
Arabs,-,-,67
at,-,-,67
the,-,-,67
time,-,-,67
when,-,-,67
the,-,-,67
Quran,-,-,67
was,-,-,67
revealed,-,-,67
"""",-,-,67
(,-,-,67
and,-,-,67
still,-,-,67
are,-,-,67
very,-,-,67
much,-,-,67
a,-,-,67
part,-,-,67
of,-,-,67
Arab,-,-,67
folk,-,-,67
culture,-,-,67
),-,-,67
",",-,-,67
without,-,-,67
their,-,-,67
inclusion,-,-,67
"""",-,-,67
the,-,-,67
notion,-,-,67
of,-,-,67
divine,-,-,67
revelation,-,-,67
"""",-,-,67
would,-,-,67
have,-,-,67
been,-,-,67
difficult,-,-,67
to,-,-,67
accept,-,-,67
.,-,-,67
In,-,-,68
addition,-,-,68
to,-,-,68
Abu,ENTITY,Q560307_284,68
Zayd,ENTITY,Q560307_279,68
's,-,-,68
innovations,EVENT,Q560307_286,68
in,-,-,68
interpreting,-,-,68
the,-,-,68
Quran,-,-,68
",",-,-,68
his,-,-,68
background,-,-,68
as,-,-,68
a,-,-,68
critic,-,-,68
of,-,-,68
Islamic,-,-,68
fundamentalism,-,-,68
",",-,-,68
and,-,-,68
of,-,-,68
Islamic,-,-,68
investment,-,-,68
companies,-,-,68
in,-,-,68
particular,-,-,68
",",-,-,68
(,-,-,68
for,-,-,68
one,-,-,68
of,-,-,68
which,-,-,68
Abdel,-,-,68
-,-,-,68
Sabour,-,-,68
Shahin,-,-,68
had,-,-,68
been,-,-,68
a,-,-,68
religious,-,-,68
advisor,-,-,68
),-,-,68
",",-,-,68
is,-,-,68
thought,-,-,68
to,-,-,68
have,-,-,68
played,-,-,68
a,-,-,68
part,-,-,68
in,-,-,68
motivating,-,-,68
his,-,-,68
opponents,-,-,68
.,-,-,68
The,-,-,69
irony,-,-,69
of,-,-,69
the,-,-,69
story,-,-,69
occurred,-,-,69
when,-,-,69
Cairo,-,-,69
University,-,-,69
promoted,EVENT,Q560307_93,69
Abu,ENTITY,Q560307_276,69
Zayd,-,-,69
to,-,-,69
full,-,-,69
professor,-,-,69
and,-,-,69
the,-,-,69
academic,-,-,69
committee,-,-,69
wrote,-,-,69
:,-,-,69
After,-,-,69
reviewing,-,-,69
the,-,-,69
works,-,-,69
submitted,EVENT,Q560307_287,69
by,-,-,69
Dr.,ENTITY,Q560307_408,69
Abu,ENTITY,Q560307_358,69
-,-,-,69
Zeid,-,-,69
in,-,-,69
his,-,-,69
application,EVENT,Q560307_289,69
for,-,-,69
promotion,-,-,69
",",-,-,69
examining,-,-,69
them,-,-,69
both,-,-,69
individually,-,-,69
and,-,-,69
as,-,-,69
a,-,-,69
whole,-,-,69
",",-,-,69
we,-,-,69
have,-,-,69
reached,-,-,69
the,-,-,69
following,-,-,69
conclusion,-,-,69
:,-,-,69
his,-,-,69
prodigious,-,-,69
academic,-,-,69
efforts,-,-,69
demonstrate,-,-,69
that,-,-,69
he,-,-,69
is,-,-,69
a,-,-,69
researcher,-,-,69
well,-,-,69
-,-,-,69
rooted,-,-,69
in,-,-,69
his,-,-,69
academic,-,-,69
field,-,-,69
",",-,-,69
well,-,-,69
-,-,-,69
read,-,-,69
in,-,-,69
our,-,-,69
Islamic,-,-,69
intellectual,-,-,69
traditions,-,-,69
",",-,-,69
and,-,-,69
with,-,-,69
a,-,-,69
knowledge,-,-,69
of,-,-,69
all,-,-,69
its,-,-,69
many,-,-,69
branches,-,-,69
—,-,-,69
Islamic,-,-,69
principles,-,-,69
",",-,-,69
theology,-,-,69
",",-,-,69
jurisprudence,-,-,69
",",-,-,69
Sufism,-,-,69
",",-,-,69
Qur'anic,-,-,69
studies,-,-,69
",",-,-,69
rhetoric,-,-,69
and,-,-,69
linguistics,-,-,69
—,-,-,69
He,-,-,69
has,-,-,69
not,-,-,69
rested,-,-,69
on,-,-,69
the,-,-,69
laurels,-,-,69
of,-,-,69
his,-,-,69
in,-,-,69
-,-,-,69
depth,-,-,69
knowledge,-,-,69
of,-,-,69
this,-,-,69
field,-,-,69
",",-,-,69
but,-,-,69
has,-,-,69
taken,-,-,69
a,-,-,69
forthright,-,-,69
",",-,-,69
critical,-,-,69
position,-,-,69
.,-,-,69
He,-,-,70
does,-,-,70
not,-,-,70
attempt,-,-,70
to,-,-,70
make,-,-,70
a,-,-,70
critique,-,-,70
until,-,-,70
he,-,-,70
has,-,-,70
mastered,-,-,70
the,-,-,70
issues,-,-,70
before,-,-,70
him,-,-,70
",",-,-,70
investigating,-,-,70
them,-,-,70
by,-,-,70
way,-,-,70
of,-,-,70
both,-,-,70
traditional,-,-,70
and,-,-,70
modern,-,-,70
methodologies,-,-,70
.,-,-,70
In,-,-,71
sum,-,-,71
he,-,-,71
is,-,-,71
a,-,-,71
free,-,-,71
thinker,-,-,71
",",-,-,71
aspiring,-,-,71
only,-,-,71
to,-,-,71
the,-,-,71
truth,-,-,71
.,-,-,71
If,-,-,72
there,-,-,72
is,-,-,72
something,-,-,72
urgent,-,-,72
about,-,-,72
his,-,-,72
style,-,-,72
",",-,-,72
it,-,-,72
stems,-,-,72
from,-,-,72
the,-,-,72
urgency,-,-,72
of,-,-,72
the,-,-,72
crisis,-,-,72
which,-,-,72
the,-,-,72
contemporary,-,-,72
Arab,-,-,72
-,-,-,72
Islamic,-,-,72
World,-,-,72
is,-,-,72
witnessing,-,-,72
and,-,-,72
the,-,-,72
necessity,-,-,72
to,-,-,72
honestly,-,-,72
identify,-,-,72
the,-,-,72
ills,-,-,72
of,-,-,72
this,-,-,72
world,-,-,72
in,-,-,72
order,-,-,72
that,-,-,72
an,-,-,72
effective,-,-,72
cure,-,-,72
be,-,-,72
found,-,-,72
.,-,-,72
Academic,-,-,73
research,-,-,73
should,-,-,73
not,-,-,73
be,-,-,73
isolated,-,-,73
from,-,-,73
social,-,-,73
problems,-,-,73
",",-,-,73
but,-,-,73
should,-,-,73
be,-,-,73
allowed,-,-,73
to,-,-,73
participate,-,-,73
in,-,-,73
current,-,-,73
debates,-,-,73
and,-,-,73
to,-,-,73
suggest,-,-,73
solutions,-,-,73
to,-,-,73
current,-,-,73
dilemmas,-,-,73
by,-,-,73
allowing,-,-,73
researchers,-,-,73
to,-,-,73
investigate,-,-,73
and,-,-,73
interpret,-,-,73
as,-,-,73
far,-,-,73
as,-,-,73
possible,-,-,73
.,-,-,73
The,-,-,73
decision,-,-,73
provoked,-,-,73
a,-,-,73
great,-,-,73
debate,-,-,73
",",-,-,73
criticism,-,-,73
abroad,-,-,73
because,-,-,73
of,-,-,73
the,-,-,73
violation,-,-,73
of,-,-,73
fundamental,-,-,73
human,-,-,73
rights,-,-,73
but,-,-,73
anger,EVENT,Q560307_94,73
against,-,-,73
Abu,ENTITY,Q560307_412,73
Zayd,-,-,73
and,-,-,73
death,EVENT,Q560307_95,73
threats,EVENT,Q560307_96,73
in,-,-,73
Egypt,-,-,73
.,-,-,73
Abu,ENTITY,Q560307_296,74
Zayd,ENTITY,Q560307_291,74
himself,-,-,74
lamented,EVENT,Q560307_97,74
",",-,-,74
"""",-,-,74
it,-,-,74
took,-,-,74
one,-,-,74
week,-,-,74
for,-,-,74
my,-,-,74
name,-,-,74
to,-,-,74
be,-,-,74
cursed,-,-,74
all,-,-,74
over,-,-,74
Egypt,-,-,74
.,-,-,74
Even,-,-,75
in,-,-,75
my,ENTITY,Q560307_332,75
village,-,-,75
they,-,-,75
were,-,-,75
saying,-,-,75
I,-,-,75
was,-,-,75
teaching,-,-,75
heresies,-,-,75
to,-,-,75
the,-,-,75
students,-,-,75
...,-,-,75
"""",-,-,75
Shortly,-,-,75
after,-,-,75
the,-,-,75
verdict,-,-,75
was,-,-,75
issued,-,-,75
",",-,-,75
a,-,-,75
group,-,-,75
of,-,-,75
professors,-,-,75
at,-,-,75
al,-,-,75
-,-,-,75
Azhar,-,-,75
University,-,-,75
",",-,-,75
the,-,-,75
"""",-,-,75
theological,-,-,75
centre,-,-,75
of,-,-,75
Egypt,-,-,75
"""",-,-,75
",",-,-,75
issued,-,-,75
a,-,-,75
joint,-,-,75
statement,-,-,75
calling,EVENT,Q560307_98,75
for,-,-,75
Abu,ENTITY,Q560307_420,75
Zayd,ENTITY,Q560307_415,75
's,-,-,75
execution,EVENT,Q560307_99,75
.,-,-,75
The,-,-,76
Egyptian,-,-,76
Islamic,-,-,76
Jihad,-,-,76
organization,-,-,76
(,-,-,76
which,-,-,76
assassinated,-,-,76
Egyptian,-,-,76
president,-,-,76
Anwar,-,-,76
Sadat,-,-,76
in,-,-,76
1981,-,-,76
and,-,-,76
was,-,-,76
engaged,-,-,76
in,-,-,76
a,-,-,76
guerrilla,-,-,76
war,-,-,76
with,-,-,76
the,-,-,76
government,-,-,76
at,-,-,76
the,-,-,76
time,-,-,76
),-,-,76
issued,-,-,76
a,-,-,76
statement,-,-,76
saying,EVENT,Q560307_100,76
the,ENTITY,Q560307_300,76
professor,-,-,76
should,-,-,76
be,-,-,76
killed,EVENT,Q560307_101,76
for,-,-,76
abandoning,EVENT,Q560307_102,76
his,-,-,76
Muslim,-,-,76
faith,-,-,76
.,-,-,76
But,-,-,77
calls,-,-,77
for,-,-,77
his,-,-,77
death,-,-,77
were,-,-,77
not,-,-,77
limited,-,-,77
to,-,-,77
insurgents,-,-,77
.,-,-,77
Even,-,-,78
a,-,-,78
newspaper,-,-,78
published,-,-,78
by,-,-,78
the,-,-,78
ruling,-,-,78
political,-,-,78
party,-,-,78
of,-,-,78
the,-,-,78
ostensibly,-,-,78
secular,-,-,78
anti,-,-,78
-,-,-,78
fundamentalist,-,-,78
regime,-,-,78
",",-,-,78
The,-,-,78
Islamic,-,-,78
Banner,-,-,78
",",-,-,78
declared,-,-,78
that,-,-,78
`,-,-,78
execution,-,-,78
`,-,-,78
was,-,-,78
a,-,-,78
fitting,-,-,78
penalty,-,-,78
if,EVENT-MOD,Q560307_103,78
Abu,ENTITY,Q560307_304,78
Zayd,-,-,78
failed,EVENT,Q560307_104,78
to,-,-,78
repent,EVENT,Q560307_105,78
.,-,-,78
In,-,-,79
addition,-,-,79
Abu,ENTITY,Q560307_308,79
Zayd,-,-,79
received,EVENT,Q560307_106,79
threats,EVENT,Q560307_310,79
in,-,-,79
the,-,-,79
mail,-,-,79
",",-,-,79
one,-,-,79
promising,-,-,79
"""",-,-,79
No,-,-,79
matter,-,-,79
how,-,-,79
much,-,-,79
the,-,-,79
police,-,-,79
tries,-,-,79
to,-,-,79
protect,-,-,79
you,ENTITY,Q560307_338,79
",",-,-,79
you,-,-,79
will,-,-,79
not,-,-,79
get,-,-,79
away,-,-,79
.,-,-,79
"""",-,-,79
.,-,-,79
Dr.,ENTITY,Q560307_322,80
Nasr,ENTITY,Q560307_312,80
Abu,ENTITY,Q560307_176,80
Zayd,-,-,80
was,-,-,80
protected,EVENT,Q560307_107,80
by,-,-,80
the,-,-,80
police,-,-,80
",",-,-,80
but,-,-,80
belief,-,-,80
in,-,-,80
his,-,-,80
apostasy,-,-,80
was,-,-,80
so,-,-,80
widespread,-,-,80
that,-,-,80
even,-,-,80
a,-,-,80
police,-,-,80
officer,-,-,80
guarding,-,-,80
his,-,-,80
house,-,-,80
referred,-,-,80
to,-,-,80
him,-,-,80
as,-,-,80
a,-,-,80
"""",-,-,80
kafir,-,-,80
"""",-,-,80
when,-,-,80
asked,-,-,80
about,-,-,80
the,-,-,80
situation,-,-,80
by,-,-,80
a,-,-,80
neighbor,-,-,80
of,-,-,80
Abu,-,-,80
Zayd,-,-,80
.,-,-,80
The,-,-,81
Court,-,-,81
case,-,-,81
was,-,-,81
based,-,-,81
on,-,-,81
the,-,-,81
alleged,-,-,81
apostasy,-,-,81
of,-,-,81
Nasr,ENTITY,Q560307_348,81
Abu,-,-,81
Zayd,-,-,81
",",-,-,81
hence,-,-,81
the,-,-,81
decision,-,-,81
was,-,-,81
based,-,-,81
on,-,-,81
Qur'anic,-,-,81
punishment,-,-,81
.,-,-,81
But,-,-,82
the,-,-,82
Egyptian,-,-,82
Penal,-,-,82
Code,-,-,82
did,-,-,82
not,-,-,82
recognize,-,-,82
apostasy,-,-,82
",",-,-,82
and,-,-,82
Civil,-,-,82
Law,-,-,82
restricts,-,-,82
the,-,-,82
proof,-,-,82
of,-,-,82
apostasy,-,-,82
to,-,-,82
two,-,-,82
possibilities,-,-,82
:,-,-,82
either,-,-,82
a,-,-,82
certificate,-,-,82
from,-,-,82
a,-,-,82
specialized,-,-,82
religious,-,-,82
institution,-,-,82
certifying,-,-,82
that,-,-,82
the,-,-,82
individual,-,-,82
has,-,-,82
converted,-,-,82
to,-,-,82
another,-,-,82
religion,-,-,82
",",-,-,82
or,-,-,82
a,-,-,82
confession,-,-,82
by,-,-,82
the,-,-,82
individual,-,-,82
that,-,-,82
he,-,-,82
has,-,-,82
converted,-,-,82
.,-,-,82
Neither,-,-,83
had,-,-,83
been,-,-,83
provided,-,-,83
.,-,-,83
Nasr,ENTITY,Q560307_330,84
Abu,-,-,84
Zayd,-,-,84
never,EVENT-MOD,Q560307_108,84
declared,EVENT,Q560307_109,84
himself,-,-,84
to,-,-,84
be,REL,Q560307_111,84
an,-,-,84
apostate,EVENT,Q560307_110,84
.,-,-,84
In,-,-,85
an,-,-,85
interview,-,-,85
",",-,-,85
he,-,-,85
explained,EVENT,Q560307_112,85
:,-,-,85
I,ENTITY,Q560307_349,85
'm,-,-,85
sure,-,-,85
that,-,-,85
I,-,-,85
'm,-,-,85
a,-,-,85
Muslim,-,-,85
.,-,-,85
My,-,-,86
worst,-,-,86
fear,-,-,86
is,-,-,86
that,-,-,86
people,-,-,86
in,-,-,86
Europe,-,-,86
may,-,-,86
consider,-,-,86
and,-,-,86
treat,-,-,86
me,-,-,86
as,-,-,86
a,-,-,86
critic,-,-,86
of,-,-,86
Islam,-,-,86
.,-,-,86
I,-,-,87
'm,-,-,87
not,-,-,87
.,-,-,87
I,-,-,88
'm,-,-,88
not,-,-,88
a,-,-,88
new,-,-,88
Salman,-,-,88
Rushdie,-,-,88
",",-,-,88
and,-,-,88
do,-,-,88
n't,-,-,88
want,-,-,88
to,-,-,88
be,-,-,88
welcomed,-,-,88
and,-,-,88
treated,-,-,88
as,-,-,88
such,-,-,88
.,-,-,88
I,-,-,89
'm,-,-,89
a,-,-,89
researcher,-,-,89
.,-,-,89
I,-,-,90
'm,-,-,90
critical,-,-,90
of,-,-,90
old,-,-,90
and,-,-,90
modern,-,-,90
Islamic,-,-,90
thought,-,-,90
.,-,-,90
I,-,-,91
treat,-,-,91
the,-,-,91
Qur'an,-,-,91
as,-,-,91
a,-,-,91
naṣṣ,-,-,91
(,-,-,91
text,-,-,91
),-,-,91
given,-,-,91
by,-,-,91
God,-,-,91
to,-,-,91
the,-,-,91
Prophet,-,-,91
Muhammad,-,-,91
.,-,-,91
That,-,-,92
text,-,-,92
is,-,-,92
put,-,-,92
into,-,-,92
a,-,-,92
human,-,-,92
language,-,-,92
",",-,-,92
which,-,-,92
is,-,-,92
the,-,-,92
Arabic,-,-,92
language,-,-,92
.,-,-,92
When,-,-,93
I,-,-,93
said,-,-,93
so,-,-,93
",",-,-,93
I,-,-,93
was,-,-,93
accused,-,-,93
of,-,-,93
saying,-,-,93
that,-,-,93
the,-,-,93
Prophet,-,-,93
Muhammad,-,-,93
wrote,-,-,93
the,-,-,93
Qur'an,-,-,93
.,-,-,93
This,-,-,94
is,-,-,94
not,-,-,94
a,-,-,94
crisis,-,-,94
of,-,-,94
thought,-,-,94
",",-,-,94
but,-,-,94
a,-,-,94
crisis,-,-,94
of,-,-,94
conscience,-,-,94
.,-,-,94
On,-,-,94
23,-,-,94
July,-,-,94
1995,-,-,94
",",-,-,94
the,-,-,94
couple,ENTITY,Q560307_336,94
fled,EVENT,Q560307_113,94
their,-,-,94
homeland,-,-,94
for,-,-,94
an,-,-,94
indefinite,-,-,94
sabbatical,-,-,94
.,-,-,94
They,ENTITY,Q560307_337,95
flew,EVENT,Q560307_114,95
to,-,-,95
Madrid,-,-,95
",",-,-,95
then,-,-,95
decided,EVENT,Q560307_116,95
to,-,-,95
go,EVENT,Q560307_115,95
from,-,-,95
Spain,-,-,95
to,-,-,95
the,-,-,95
Netherlands,-,-,95
",",-,-,95
where,-,-,95
he,-,-,95
was,-,-,95
invited,EVENT,Q560307_118,95
to,-,-,95
teach,EVENT,Q560307_117,95
as,-,-,95
a,-,-,95
Visiting,-,-,95
Professor,-,-,95
at,-,-,95
the,-,-,95
Leiden,-,-,95
University,-,-,95
.,-,-,95
Abu,ENTITY,Q560307_341,96
Zayd,-,-,96
explained,EVENT,Q560307_119,96
",",-,-,96
I,-,-,96
could,-,-,96
n't,-,-,96
take,-,-,96
more,-,-,96
than,-,-,96
two,-,-,96
months,-,-,96
of,-,-,96
around,-,-,96
the,-,-,96
clock,-,-,96
security,-,-,96
.,-,-,96
Whenever,-,-,97
someone,-,-,97
came,-,-,97
to,-,-,97
visit,-,-,97
they,-,-,97
had,-,-,97
to,-,-,97
be,-,-,97
cleared,-,-,97
.,-,-,97
Whenever,-,-,98
I,-,-,98
wanted,-,-,98
to,-,-,98
go,-,-,98
out,-,-,98
I,-,-,98
had,-,-,98
to,-,-,98
coordinate,-,-,98
with,-,-,98
security,-,-,98
.,-,-,98
I,-,-,99
could,-,-,99
n't,-,-,99
just,-,-,99
go,-,-,99
to,-,-,99
a,-,-,99
coffee,-,-,99
shop,-,-,99
with,-,-,99
my,-,-,99
friends,-,-,99
and,-,-,99
play,-,-,99
a,-,-,99
round,-,-,99
of,-,-,99
backgammon,-,-,99
.,-,-,99
What,-,-,100
kind,-,-,100
of,-,-,100
life,-,-,100
was,-,-,100
that?Though,-,-,100
his,-,-,100
books,ENTITY,Q560307_344,100
were,-,-,100
not,EVENT-MOD,Q560307_121,100
officially,-,-,100
banned,EVENT,Q560307_120,100
in,-,-,100
Egypt,-,-,100
",",-,-,100
they,ENTITY,Q560307_347,100
were,-,-,100
pulled,EVENT,Q560307_122,100
from,-,-,100
the,-,-,100
library,-,-,100
shelves,-,-,100
of,-,-,100
his,-,-,100
alma,-,-,100
mater,-,-,100
.,-,-,100
On,-,-,101
November,-,-,101
8,-,-,101
",",-,-,101
1999,-,-,101
",",-,-,101
he,-,-,101
filed,EVENT,Q560307_123,101
a,-,-,101
suit,EVENT,Q560307_124,101
against,-,-,101
the,-,-,101
Egyptian,-,-,101
justice,-,-,101
minister,-,-,101
",",-,-,101
demanding,EVENT,Q560307_125,101
that,-,-,101
the,-,-,101
1996,-,-,101
ruling,-,-,101
which,-,-,101
annulled,-,-,101
the,-,-,101
marriage,-,-,101
be,-,-,101
declared,EVENT,Q560307_126,101
illegal,-,-,101
.,-,-,101
The,-,-,102
Egyptian,-,-,102
government,-,-,102
"""",-,-,102
strived,-,-,102
to,-,-,102
ignore,-,-,102
"""",-,-,102
the,-,-,102
case,-,-,102
.,-,-,102
There,-,-,103
were,-,-,103
only,-,-,103
brief,-,-,103
mentions,-,-,103
of,-,-,103
it,-,-,103
in,-,-,103
the,-,-,103
state,-,-,103
-,-,-,103
run,-,-,103
media,-,-,103
and,-,-,103
no,-,-,103
government,-,-,103
official,-,-,103
spoke,-,-,103
in,-,-,103
his,-,-,103
defense,-,-,103
.,-,-,103
However,-,-,104
",",-,-,104
in,-,-,104
1998,-,-,104
",",-,-,104
the,-,-,104
regulations,-,-,104
governing,-,-,104
Sharia,-,-,104
courts,-,-,104
in,-,-,104
Egypt,-,-,104
were,-,-,104
amended,-,-,104
making,-,-,104
it,-,-,104
impossible,-,-,104
for,-,-,104
individuals,-,-,104
to,-,-,104
file,-,-,104
lawsuits,-,-,104
accusing,-,-,104
someone,-,-,104
of,-,-,104
apostasy,-,-,104
",",-,-,104
leaving,-,-,104
the,-,-,104
issue,-,-,104
to,-,-,104
the,-,-,104
prerogative,-,-,104
of,-,-,104
the,-,-,104
prosecution,-,-,104
office,-,-,104
.,-,-,104
The,-,-,105
action,-,-,105
against,-,-,105
Abu,-,-,105
Zayd,-,-,105
was,-,-,105
not,-,-,105
isolated,-,-,105
.,-,-,105
During,-,-,106
the,-,-,106
1990s,-,-,106
there,-,-,106
were,-,-,106
several,-,-,106
assaults,-,-,106
on,-,-,106
liberal,-,-,106
intellectuals,-,-,106
and,-,-,106
artists,-,-,106
in,-,-,106
Egypt,-,-,106
and,-,-,106
elsewhere,-,-,106
in,-,-,106
the,-,-,106
Muslim,-,-,106
world,-,-,106
.,-,-,106
Ahmed,-,-,107
Sobhy,-,-,107
Mansour,-,-,107
was,-,-,107
dismissed,-,-,107
from,-,-,107
Al,-,-,107
-,-,-,107
Azhar,-,-,107
University,-,-,107
and,-,-,107
imprisoned,-,-,107
for,-,-,107
six,-,-,107
months,-,-,107
.,-,-,107
This,-,-,108
was,-,-,108
based,-,-,108
on,-,-,108
a,-,-,108
verdict,-,-,108
reached,-,-,108
by,-,-,108
the,-,-,108
university,-,-,108
itself,-,-,108
on,-,-,108
the,-,-,108
grounds,-,-,108
that,-,-,108
he,-,-,108
rejected,-,-,108
a,-,-,108
fundamental,-,-,108
tenet,-,-,108
of,-,-,108
Islam,-,-,108
in,-,-,108
his,-,-,108
research,-,-,108
of,-,-,108
truth,-,-,108
of,-,-,108
some,-,-,108
of,-,-,108
Muhammad,-,-,108
's,-,-,108
sayings,-,-,108
",",-,-,108
or,-,-,108
Hadith,-,-,108
.,-,-,108
Egyptian,-,-,109
Nobel,-,-,109
laureate,-,-,109
Naguib,-,-,109
Mahfouz,-,-,109
was,-,-,109
stabbed,-,-,109
in,-,-,109
the,-,-,109
neck,-,-,109
by,-,-,109
an,-,-,109
Islamist,-,-,109
in,-,-,109
1994,-,-,109
",",-,-,109
leaving,-,-,109
him,-,-,109
incapable,-,-,109
of,-,-,109
using,-,-,109
his,-,-,109
hand,-,-,109
to,-,-,109
write,-,-,109
.,-,-,109
Egyptian,-,-,110
courts,-,-,110
were,-,-,110
the,-,-,110
theatre,-,-,110
of,-,-,110
different,-,-,110
lawsuits,-,-,110
brought,-,-,110
against,-,-,110
intellectuals,-,-,110
",",-,-,110
journalists,-,-,110
",",-,-,110
and,-,-,110
university,-,-,110
professors,-,-,110
such,-,-,110
as,-,-,110
Atif,-,-,110
al,-,-,110
-,-,-,110
Iraqi,-,-,110
",",-,-,110
Ragaa,-,-,110
al,-,-,110
-,-,-,110
Naqash,-,-,110
",",-,-,110
Mahmoud,-,-,110
al,-,-,110
-,-,-,110
Tohami,-,-,110
",",-,-,110
and,-,-,110
Youssef,-,-,110
Chahine,-,-,110
(,-,-,110
for,-,-,110
his,-,-,110
film,-,-,110
El,-,-,110
-,-,-,110
Mohager,-,-,110
",",-,-,110
The,-,-,110
Emigrant,-,-,110
),-,-,110
.,-,-,110
Abu,-,-,111
Zayd,-,-,111
's,-,-,111
case,-,-,111
has,-,-,111
been,-,-,111
described,-,-,111
as,-,-,111
demonstrating,-,-,111
the,-,-,111
"""",-,-,111
coercive,-,-,111
impulse,-,-,111
behind,-,-,111
much,-,-,111
Islamism,-,-,111
",",-,-,111
as,-,-,111
well,-,-,111
as,-,-,111
the,-,-,111
unintended,-,-,111
consequences,-,-,111
of,-,-,111
making,-,-,111
concessions,-,-,111
in,-,-,111
its,-,-,111
direction,-,-,111
"""",-,-,111
",",-,-,111
as,-,-,111
those,-,-,111
conservatives,-,-,111
calling,EVENT,Q560307_127,111
for,-,-,111
his,-,-,111
killing,EVENT,Q560307_128,111
included,-,-,111
religious,-,-,111
figures,-,-,111
and,-,-,111
media,-,-,111
supposedly,-,-,111
co,-,-,111
-,-,-,111
opted,-,-,111
by,-,-,111
the,-,-,111
regime,-,-,111
.,-,-,111
Other,-,-,112
became,-,-,112
suspicious,-,-,112
of,-,-,112
"""",-,-,112
collusion,-,-,112
"""",-,-,112
between,-,-,112
"""",-,-,112
violent,-,-,112
rebels,-,-,112
and,-,-,112
the,-,-,112
conservative,-,-,112
Islamists,-,-,112
"""",-,-,112
who,-,-,112
held,-,-,112
"""",-,-,112
senior,-,-,112
positions,-,-,112
in,-,-,112
some,-,-,112
of,-,-,112
Egypt,-,-,112
's,-,-,112
public,-,-,112
institutions,-,-,112
.,-,-,112
"""",-,-,112
Gilles,-,-,113
Kepel,-,-,113
),-,-,113
noted,-,-,113
the,-,-,113
case,-,-,113
as,-,-,113
a,-,-,113
demonstration,-,-,113
of,-,-,113
how,-,-,113
moderate,-,-,113
and,-,-,113
extremists,-,-,113
Islamists,-,-,113
could,-,-,113
"""",-,-,113
complemented,-,-,113
one,-,-,113
another,-,-,113
's,-,-,113
actions,-,-,113
"""",-,-,113
.,-,-,113
Rather,-,-,114
than,-,-,114
the,-,-,114
moderates,-,-,114
undermining,-,-,114
the,-,-,114
extremists,-,-,114
as,-,-,114
some,-,-,114
had,-,-,114
hoped,-,-,114
",",-,-,114
"""",-,-,114
moderates,-,-,114
"""",-,-,114
(,-,-,114
such,-,-,114
as,-,-,114
Abdel,-,-,114
-,-,-,114
Sabour,-,-,114
Shahin,-,-,114
and,-,-,114
The,-,-,114
Islamic,-,-,114
Banner,-,-,114
),-,-,114
would,-,-,114
singled,-,-,114
out,-,-,114
victims,-,-,114
as,-,-,114
"""",-,-,114
apostates,-,-,114
"""",-,-,114
who,-,-,114
were,-,-,114
then,-,-,114
executed,-,-,114
(,-,-,114
or,-,-,114
in,-,-,114
Zayd,-,-,114
's,-,-,114
case,-,-,114
provided,-,-,114
with,-,-,114
a,-,-,114
very,-,-,114
credible,-,-,114
threat,-,-,114
of,-,-,114
murder,-,-,114
),-,-,114
by,-,-,114
the,-,-,114
extremists,-,-,114
(,-,-,114
such,-,-,114
as,-,-,114
Egyptian,-,-,114
Islamic,-,-,114
Jihad,-,-,114
),-,-,114
.,-,-,114
The,-,-,115
"""",-,-,115
moderates,-,-,115
"""",-,-,115
would,-,-,115
deplore,-,-,115
fanaticism,-,-,115
of,-,-,115
the,-,-,115
extremists,-,-,115
in,-,-,115
public,-,-,115
",",-,-,115
but,-,-,115
plead,-,-,115
"""",-,-,115
attenuating,-,-,115
circumstance,-,-,115
"""",-,-,115
on,-,-,115
their,-,-,115
behalf,-,-,115
when,-,-,115
the,-,-,115
need,-,-,115
arose,-,-,115
.,-,-,115
His,-,-,116
case,-,-,116
has,-,-,116
been,-,-,116
compared,-,-,116
to,-,-,116
controversies,-,-,116
over,-,-,116
interpretation,-,-,116
of,-,-,116
the,-,-,116
Quran,-,-,116
involving,-,-,116
Taha,-,-,116
Hussein,-,-,116
in,-,-,116
the,-,-,116
1920s,-,-,116
and,-,-,116
Muhammad,-,-,116
Ahmad,-,-,116
Khalafallah,-,-,116
in,-,-,116
the,-,-,116
1940s,-,-,116
.,-,-,116
The,-,-,117
fact,-,-,117
that,-,-,117
a,-,-,117
well,-,-,117
established,-,-,117
/,-,-,117
respected,-,-,117
scholar,-,-,117
like,-,-,117
Abu,-,-,117
Zayd,-,-,117
"""",-,-,117
suffered,-,-,117
more,-,-,117
concretely,-,-,117
"""",-,-,117
than,-,-,117
the,-,-,117
other,-,-,117
two,-,-,117
is,-,-,117
an,-,-,117
illustration,-,-,117
of,-,-,117
"""",-,-,117
the,-,-,117
gains,-,-,117
made,-,-,117
by,-,-,117
Islamists,-,-,117
in,-,-,117
the,-,-,117
last,-,-,117
half,-,-,117
of,-,-,117
the,-,-,117
20th,-,-,117
century,-,-,117
.,-,-,117
According,-,-,118
to,-,-,118
scholar,-,-,118
Navid,-,-,118
Kermani,-,-,118
"""",-,-,118
three,-,-,118
key,-,-,118
themes,-,-,118
"""",-,-,118
emerge,-,-,118
from,-,-,118
Abu,-,-,118
Zayd,-,-,118
's,-,-,118
work,-,-,118
:,-,-,118
Abu,-,-,118
Zayd,-,-,118
saw,-,-,118
himself,-,-,118
as,-,-,118
an,-,-,118
heir,-,-,118
to,-,-,118
the,-,-,118
Muʿtazila,-,-,118
",",-,-,118
"""",-,-,118
particularly,-,-,118
their,-,-,118
idea,-,-,118
of,-,-,118
the,-,-,118
created,-,-,118
Qurʿān,-,-,118
and,-,-,118
their,-,-,118
tendency,-,-,118
toward,-,-,118
metaphorical,-,-,118
interpretation,-,-,118
.,-,-,118
"""",-,-,118
Abu,-,-,119
Zayd,-,-,119
strongly,-,-,119
opposed,-,-,119
the,-,-,119
belief,-,-,119
in,-,-,119
a,-,-,119
"""",-,-,119
single,-,-,119
",",-,-,119
precise,-,-,119
and,-,-,119
valid,-,-,119
interpretation,-,-,119
of,-,-,119
the,-,-,119
Qur'an,-,-,119
handed,-,-,119
down,-,-,119
by,-,-,119
the,-,-,119
Prophet,-,-,119
for,-,-,119
all,-,-,119
times,-,-,119
"""",-,-,119
.,-,-,119
In,-,-,120
his,-,-,120
view,-,-,120
",",-,-,120
the,-,-,120
Quran,-,-,120
made,-,-,120
Islamic,-,-,120
Arab,-,-,120
culture,-,-,120
a,-,-,120
`,-,-,120
culture,-,-,120
of,-,-,120
the,-,-,120
text,-,-,120
`,-,-,120
(,-,-,120
hadarat,-,-,120
al,-,-,120
-,-,-,120
nass,-,-,120
),-,-,120
par,-,-,120
excellence,-,-,120
",",-,-,120
but,-,-,120
because,-,-,120
the,-,-,120
language,-,-,120
of,-,-,120
the,-,-,120
Quran,-,-,120
is,-,-,120
not,-,-,120
self,-,-,120
-,-,-,120
explanatory,-,-,120
",",-,-,120
this,-,-,120
implied,-,-,120
Islamic,-,-,120
Arab,-,-,120
culture,-,-,120
was,-,-,120
also,-,-,120
a,-,-,120
culture,-,-,120
of,-,-,120
interpretation,-,-,120
(,-,-,120
hadarat,-,-,120
al,-,-,120
-,-,-,120
ta'wil,-,-,120
),-,-,120
.,-,-,120
Abu,-,-,121
Zayd,-,-,121
emphasized,-,-,121
"""",-,-,121
intellect,-,-,121
"""",-,-,121
(,-,-,121
`,-,-,121
aql,-,-,121
),-,-,121
in,-,-,121
understanding,-,-,121
the,-,-,121
Quran,-,-,121
",",-,-,121
as,-,-,121
opposed,-,-,121
to,-,-,121
"""",-,-,121
a,-,-,121
hermeneutical,-,-,121
approach,-,-,121
which,-,-,121
gives,-,-,121
priority,-,-,121
to,-,-,121
the,-,-,121
narrated,-,-,121
traditions,-,-,121
"""",-,-,121
(,-,-,121
naql,-,-,121
),-,-,121
.,-,-,121
As,-,-,122
a,-,-,122
reflection,-,-,122
of,-,-,122
this,-,-,122
Abu,-,-,122
Zaid,-,-,122
used,-,-,122
the,-,-,122
term,-,-,122
ta'wil,-,-,122
(,-,-,122
interpretation,-,-,122
),-,-,122
for,-,-,122
efforts,-,-,122
to,-,-,122
understand,-,-,122
the,-,-,122
Quran,-,-,122
",",-,-,122
while,-,-,122
in,-,-,122
the,-,-,122
Islamic,-,-,122
sciences,-,-,122
",",-,-,122
the,-,-,122
literature,-,-,122
that,-,-,122
explained,-,-,122
the,-,-,122
Quran,-,-,122
was,-,-,122
referred,-,-,122
to,-,-,122
as,-,-,122
tafsir,-,-,122
(,-,-,122
commentary,-,-,122
",",-,-,122
explanation,-,-,122
),-,-,122
.,-,-,122
For,-,-,123
Abu,-,-,123
Zaid,-,-,123
",",-,-,123
interpretation,-,-,123
goes,-,-,123
beyond,-,-,123
explanation,-,-,123
or,-,-,123
commentary,-,-,123
",",-,-,123
"""",-,-,123
for,-,-,123
without,-,-,123
"""",-,-,123
the,-,-,123
Qur'an,-,-,123
would,-,-,123
not,-,-,123
have,-,-,123
meaning,-,-,123
:,-,-,123
The,-,-,123
text,-,-,124
changed,-,-,124
from,-,-,124
the,-,-,124
very,-,-,124
first,-,-,124
moment,-,-,124
-,-,-,124
that,-,-,124
is,-,-,124
",",-,-,124
when,-,-,124
the,-,-,124
Prophet,-,-,124
recited,-,-,124
it,-,-,124
at,-,-,124
the,-,-,124
moment,-,-,124
of,-,-,124
its,-,-,124
revelation,-,-,124
-,-,-,124
from,-,-,124
its,-,-,124
existence,-,-,124
as,-,-,124
a,-,-,124
divine,-,-,124
text,-,-,124
(,-,-,124
nass,-,-,124
ilahi,-,-,124
),-,-,124
",",-,-,124
and,-,-,124
became,-,-,124
something,-,-,124
understandable,-,-,124
",",-,-,124
a,-,-,124
human,-,-,124
text,-,-,124
(,-,-,124
nass,-,-,124
insani,-,-,124
),-,-,124
",",-,-,124
because,-,-,124
it,-,-,124
changed,-,-,124
from,-,-,124
revelation,-,-,124
to,-,-,124
interpretation,-,-,124
(,-,-,124
li,-,-,124
-,-,-,124
annahu,-,-,124
tahawwala,-,-,124
min,-,-,124
al,-,-,124
-,-,-,124
tanzil,-,-,124
ila,-,-,124
al,-,-,124
-,-,-,124
ta'wil,-,-,124
),-,-,124
.,-,-,124
The,-,-,125
Prophet,-,-,125
's,-,-,125
understanding,-,-,125
of,-,-,125
the,-,-,125
text,-,-,125
is,-,-,125
one,-,-,125
of,-,-,125
the,-,-,125
first,-,-,125
phases,-,-,125
of,-,-,125
movement,-,-,125
resulting,-,-,125
from,-,-,125
the,-,-,125
text,-,-,125
's,-,-,125
connection,-,-,125
with,-,-,125
the,-,-,125
human,-,-,125
intellect,-,-,125
.,-,-,125
From,-,-,125
the,-,-,125
beginning,-,-,125
of,-,-,125
his,-,-,125
academic,-,-,125
career,-,-,125
",",-,-,125
Abu,ENTITY,Q560307_352,125
Zaid,-,-,125
developed,EVENT,Q560307_129,125
a,-,-,125
renewed,-,-,125
hermeneutic,-,-,125
view,-,-,125
(,-,-,125
the,-,-,125
theory,-,-,125
and,-,-,125
methodology,-,-,125
of,-,-,125
text,-,-,125
interpretation,-,-,125
),-,-,125
of,-,-,125
the,-,-,125
Qur'an,-,-,125
and,-,-,125
further,-,-,125
Islamic,-,-,125
holy,-,-,125
texts,-,-,125
",",-,-,125
arguing,-,-,125
that,-,-,125
they,-,-,125
should,-,-,125
be,-,-,125
interpreted,-,-,125
in,-,-,125
the,-,-,125
historical,-,-,125
and,-,-,125
cultural,-,-,125
context,-,-,125
of,-,-,125
their,-,-,125
time,-,-,125
.,-,-,125
The,-,-,126
mistake,-,-,126
of,-,-,126
many,-,-,126
Muslim,-,-,126
scholars,-,-,126
was,-,-,126
"""",-,-,126
to,-,-,126
see,-,-,126
the,-,-,126
Qur'an,-,-,126
only,-,-,126
as,-,-,126
a,-,-,126
text,-,-,126
",",-,-,126
which,-,-,126
led,-,-,126
conservatives,-,-,126
as,-,-,126
well,-,-,126
as,-,-,126
liberals,-,-,126
to,-,-,126
a,-,-,126
battle,-,-,126
of,-,-,126
quotations,-,-,126
",",-,-,126
each,-,-,126
group,-,-,126
seeing,-,-,126
clear,-,-,126
verses,-,-,126
(,-,-,126
when,-,-,126
on,-,-,126
their,-,-,126
side,-,-,126
),-,-,126
and,-,-,126
ambiguous,-,-,126
ones,-,-,126
(,-,-,126
when,-,-,126
in,-,-,126
contradiction,-,-,126
with,-,-,126
their,-,-,126
vision,-,-,126
),-,-,126
"""",-,-,126
.,-,-,126
But,-,-,127
this,-,-,127
type,-,-,127
of,-,-,127
controversy,-,-,127
led,-,-,127
both,-,-,127
conservatives,-,-,127
and,-,-,127
liberals,-,-,127
to,-,-,127
produce,-,-,127
authoritative,-,-,127
hermeneutics,-,-,127
.,-,-,127
This,-,-,128
vision,-,-,128
of,-,-,128
the,-,-,128
Qur'an,-,-,128
as,-,-,128
a,-,-,128
text,-,-,128
was,-,-,128
the,-,-,128
vision,-,-,128
of,-,-,128
the,-,-,128
elites,-,-,128
of,-,-,128
Muslim,-,-,128
societies,-,-,128
",",-,-,128
whereas,-,-,128
",",-,-,128
at,-,-,128
the,-,-,128
same,-,-,128
time,-,-,128
",",-,-,128
the,-,-,128
Qur'an,-,-,128
as,-,-,128
"""",-,-,128
an,-,-,128
oral,-,-,128
discourse,-,-,128
"""",-,-,128
played,-,-,128
the,-,-,128
most,-,-,128
important,-,-,128
part,-,-,128
in,-,-,128
the,-,-,128
understanding,-,-,128
of,-,-,128
the,-,-,128
masses,-,-,128
.,-,-,128
Nasr,ENTITY,Q560307_360,129
Abu,-,-,129
Zayd,-,-,129
called,EVENT,Q560307_131,129
for,-,-,129
another,-,-,129
reading,EVENT,Q560307_130,129
of,-,-,129
the,-,-,129
holy,-,-,129
book,-,-,129
through,-,-,129
a,-,-,129
"""",-,-,129
humanistic,-,-,129
hermeneutics,-,-,129
"""",-,-,129
",",-,-,129
an,-,-,129
interpretation,-,-,129
which,-,-,129
sees,-,-,129
the,-,-,129
Qur'an,-,-,129
as,-,-,129
a,-,-,129
living,-,-,129
phenomenon,-,-,129
",",-,-,129
a,-,-,129
discourse,-,-,129
.,-,-,129
Hence,-,-,130
",",-,-,130
the,-,-,130
Qur'an,-,-,130
can,-,-,130
be,-,-,130
"""",-,-,130
the,-,-,130
outcome,-,-,130
of,-,-,130
dialogue,-,-,130
",",-,-,130
debate,-,-,130
",",-,-,130
despite,-,-,130
argument,-,-,130
",",-,-,130
acceptance,-,-,130
and,-,-,130
rejection,-,-,130
"""",-,-,130
.,-,-,130
This,-,-,131
liberal,-,-,131
interpretation,-,-,131
of,-,-,131
Islam,-,-,131
should,-,-,131
open,-,-,131
space,-,-,131
for,-,-,131
new,-,-,131
perspectives,-,-,131
on,-,-,131
the,-,-,131
religion,-,-,131
and,-,-,131
social,-,-,131
change,-,-,131
in,-,-,131
Muslim,-,-,131
societies,-,-,131
.,-,-,131
Abu,-,-,132
Zayd,-,-,132
's,-,-,132
analysis,-,-,132
finds,-,-,132
several,-,-,132
"""",-,-,132
insistent,-,-,132
calls,-,-,132
for,-,-,132
social,-,-,132
justice,-,-,132
"""",-,-,132
in,-,-,132
the,-,-,132
Qur'an,-,-,132
.,-,-,132
One,-,-,133
example,-,-,133
is,-,-,133
when,-,-,133
Muhammad,-,-,133
—,-,-,133
busy,-,-,133
preaching,-,-,133
to,-,-,133
the,-,-,133
rich,-,-,133
people,-,-,133
of,-,-,133
Quraysh,-,-,133
—,-,-,133
failed,-,-,133
to,-,-,133
pay,-,-,133
attention,-,-,133
to,-,-,133
a,-,-,133
poor,-,-,133
blind,-,-,133
fellow,-,-,133
named,-,-,133
Ibn,-,-,133
Umm,-,-,133
Maktūm,-,-,133
who,-,-,133
came,-,-,133
asking,-,-,133
the,-,-,133
Prophet,-,-,133
for,-,-,133
advice,-,-,133
.,-,-,133
The,-,-,134
Quran,-,-,134
strongly,-,-,134
criticizes,-,-,134
Muhammad,-,-,134
's,-,-,134
attitude,-,-,134
.,-,-,134
(,-,-,135
Quran,-,-,135
80:10,-,-,135
),-,-,135
Abu,-,-,136
Zayd,-,-,136
also,-,-,136
argued,-,-,136
that,-,-,136
while,-,-,136
the,-,-,136
Qur'anic,-,-,136
discourse,-,-,136
was,-,-,136
built,-,-,136
in,-,-,136
a,-,-,136
patriarchal,-,-,136
society,-,-,136
",",-,-,136
and,-,-,136
therefore,-,-,136
the,-,-,136
addressees,-,-,136
were,-,-,136
naturally,-,-,136
males,-,-,136
",",-,-,136
who,-,-,136
received,-,-,136
permission,-,-,136
to,-,-,136
marry,-,-,136
",",-,-,136
divorce,-,-,136
",",-,-,136
and,-,-,136
marry,-,-,136
off,-,-,136
their,-,-,136
female,-,-,136
relatives,-,-,136
",",-,-,136
it,-,-,136
is,-,-,136
"""",-,-,136
possible,-,-,136
to,-,-,136
imagine,-,-,136
that,-,-,136
Muslim,-,-,136
women,-,-,136
receive,-,-,136
the,-,-,136
same,-,-,136
rights,-,-,136
"""",-,-,136
",",-,-,136
and,-,-,136
so,-,-,136
the,-,-,136
Quran,-,-,136
had,-,-,136
a,-,-,136
"""",-,-,136
tendency,-,-,136
to,-,-,136
improve,-,-,136
women,-,-,136
's,-,-,136
rights,-,-,136
"""",-,-,136
.,-,-,136
The,-,-,137
classical,-,-,137
position,-,-,137
of,-,-,137
the,-,-,137
modern,-,-,137
',-,-,137
ulamā,-,-,137
',-,-,137
about,-,-,137
that,-,-,137
issue,-,-,137
is,-,-,137
understandable,-,-,137
as,-,-,137
"""",-,-,137
they,-,-,137
still,-,-,137
believe,-,-,137
in,-,-,137
superiority,-,-,137
of,-,-,137
the,-,-,137
male,-,-,137
in,-,-,137
the,-,-,137
family,-,-,137
"""",-,-,137
.,-,-,137
Abu,ENTITY,Q560307_368,138
Zayd,ENTITY,Q560307_363,138
's,-,-,138
critical,-,-,138
approach,-,-,138
to,-,-,138
classical,-,-,138
and,-,-,138
contemporary,-,-,138
Islamic,-,-,138
discourse,-,-,138
in,-,-,138
the,-,-,138
fields,-,-,138
of,-,-,138
theology,-,-,138
",",-,-,138
philosophy,-,-,138
",",-,-,138
law,-,-,138
",",-,-,138
politics,-,-,138
",",-,-,138
and,-,-,138
humanism,-,-,138
",",-,-,138
promoted,EVENT,Q560307_132,138
modern,-,-,138
Islamic,-,-,138
thought,EVENT,Q560307_133,138
that,-,-,138
might,-,-,138
enable,-,-,138
Muslims,-,-,138
to,-,-,138
build,-,-,138
a,-,-,138
bridge,-,-,138
between,-,-,138
their,-,-,138
own,-,-,138
tradition,-,-,138
and,-,-,138
the,-,-,138
modern,-,-,138
world,-,-,138
of,-,-,138
freedom,-,-,138
of,-,-,138
speech,-,-,138
",",-,-,138
equality,-,-,138
(,-,-,138
minority,-,-,138
rights,-,-,138
",",-,-,138
women,-,-,138
's,-,-,138
rights,-,-,138
",",-,-,138
social,-,-,138
justice,-,-,138
),-,-,138
",",-,-,138
human,-,-,138
rights,-,-,138
",",-,-,138
democracy,-,-,138
and,-,-,138
globalisation,-,-,138
.,-,-,138
Abu,ENTITY,Q560307_372,139
Zayd,-,-,139
has,-,-,139
authored,EVENT,Q560307_134,139
at,-,-,139
least,-,-,139
fourteen,-,-,139
books,-,-,139
in,-,-,139
Arabic,-,-,139
",",-,-,139
including,-,-,139
works,-,-,139
on,-,-,139
the,-,-,139
Muʿtazila,-,-,139
",",-,-,139
Ibn,-,-,139
Arabi,-,-,139
",",-,-,139
Al,-,-,139
-,-,-,139
Shafi'i,-,-,139
",",-,-,139
and,-,-,139
Qurʿanic,-,-,139
criticism,-,-,139
",",-,-,139
as,-,-,139
well,-,-,139
as,-,-,139
books,-,-,139
in,-,-,139
English,-,-,139
and,-,-,139
articles,-,-,139
in,-,-,139
both,-,-,139
languages,-,-,139
.,-,-,139
